Line 6 x,Line 6 y
3.039631115834E2,4.159315196355E-1
3.040501496809E2,4.137420101327E-1
3.040501496809E2,4.122259412898E-1
3.040501496809E2,4.107098724469E-1
3.040980533557E2,4.083132421814E-1
3.042150639710E2,4.046462937980E-1
3.042150639710E2,4.031302249551E-1
3.042150639710E2,4.016141561121E-1
3.042562925435E2,4.000982614499E-1
3.043387496885E2,3.985825409684E-1
3.043799782610E2,3.970666463062E-1
3.043799782610E2,3.955505774632E-1
3.043799782610E2,3.940345086203E-1
3.043799782610E2,3.925184397774E-1
3.043799782610E2,3.910023709345E-1
3.043799782610E2,3.894863020915E-1
3.044278819357E2,3.870896718260E-1
3.045448925510E2,3.834227234426E-1
3.045448925510E2,3.819066545997E-1
3.045448925510E2,3.803905857568E-1
3.045861211236E2,3.788746910946E-1
3.046685782686E2,3.773589706130E-1
3.047098068411E2,3.758430759508E-1
3.047098068411E2,3.743270071079E-1
3.047098068411E2,3.728109382650E-1
3.047098068411E2,3.712948694220E-1
3.047098068411E2,3.697788005791E-1
3.047098068411E2,3.682627317362E-1
3.047577105158E2,3.658661014706E-1
3.048747211311E2,3.621991530873E-1
3.048747211311E2,3.606830842443E-1
3.048747211311E2,3.591670154014E-1
3.049159497036E2,3.576511207392E-1
3.049984068487E2,3.561354002577E-1
3.050396354212E2,3.546195055954E-1
3.050396354212E2,3.531034367525E-1
3.050396354212E2,3.515873679096E-1
3.050396354212E2,3.500712990667E-1
3.050396354212E2,3.485552302237E-1
3.050875390959E2,3.461585999582E-1
3.052045497112E2,3.424916515748E-1
3.052045497112E2,3.409755827319E-1
3.052457782837E2,3.394596880697E-1
3.053282354287E2,3.379439675882E-1
3.053694640012E2,3.364280729259E-1
3.053694640012E2,3.349120040830E-1
3.053694640012E2,3.333959352401E-1
3.054173676760E2,3.309993049746E-1
3.055343782913E2,3.273323565912E-1
3.055756068638E2,3.258164619290E-1
3.056580640088E2,3.243007414474E-1
3.056992925813E2,3.227848467852E-1
3.056992925813E2,3.212687779423E-1
3.056992925813E2,3.197527090994E-1
3.057471962560E2,3.173560788338E-1
3.058642068713E2,3.136891304505E-1
3.059054354439E2,3.121732357882E-1
3.059878925889E2,3.106575153067E-1
3.060291211614E2,3.091416206445E-1
3.060770248361E2,3.067449903790E-1
3.061940354514E2,3.030780419956E-1
3.062352640239E2,3.015621473334E-1
3.063177211689E2,3.000464268519E-1
3.063589497415E2,2.985305321896E-1
3.064068534162E2,2.961339019241E-1
3.065650926040E2,2.924671277214E-1
3.066475497490E2,2.909514072399E-1
3.067366819963E2,2.885549511551E-1
3.068949211841E2,2.848881769524E-1
3.069773783291E2,2.833724564709E-1
3.070665105763E2,2.809760003861E-1
3.072247497642E2,2.773092261834E-1
3.073072069092E2,2.757935057019E-1
3.073963391564E2,2.733970496171E-1
3.077104616136E2,2.688501701794E-1
3.079421269258E2,2.642487970644E-1
3.080402901937E2,2.627872882533E-1
3.083701187738E2,2.582404751701E-1
3.086999473538E2,2.536936620870E-1
3.090058240966E2,2.494463518940E-1
3.093411498196E2,2.461503188303E-1
3.096709783997E2,2.431195745901E-1
3.100008069798E2,2.400888303499E-1
3.103306355599E2,2.370580861097E-1
3.106054927099E2,2.344945641884E-1
3.107291784274E2,2.331685264929E-1
3.109353212900E2,2.320323457643E-1
3.112383512979E2,2.299585067637E-1
3.116362070226E2,2.272975917021E-1
3.119660356027E2,2.257829163048E-1
3.122958641828E2,2.242682409075E-1
3.126256927629E2,2.227535655102E-1
3.129555213429E2,2.212388901129E-1
3.134640070706E2,2.193585861949E-1
3.142418528052E2,2.175299558856E-1
3.150114528254E2,2.160424062299E-1
3.159157328491E2,2.145806933785E-1
3.164187214337E2,2.144312114988E-1
3.167485500138E2,2.144326049444E-1
3.170783785939E2,2.144339983900E-1
3.174082071740E2,2.144353918357E-1
3.177380357540E2,2.144367852813E-1
3.182594790330E2,2.146591792035E-1
3.192489647732E2,2.161072346289E-1
3.201732701036E2,2.175171129618E-1
3.208906472652E2,2.190614803630E-1
3.215503044254E2,2.205803360972E-1
3.221082644400E2,2.218460840451E-1
3.223968644476E2,2.224158291262E-1
3.226854644551E2,2.235541000233E-1
3.230152930352E2,2.250715623118E-1
3.233451216153E2,2.265890246004E-1
3.237642787691E2,2.283532254674E-1
3.240330497966E2,2.292291687790E-1
3.244170645005E2,2.303837254060E-1
3.247056645081E2,2.313324876978E-1
3.249942645157E2,2.326602672002E-1
3.253240930957E2,2.341777294888E-1
3.256539216758E2,2.356951917773E-1
3.259837502559E2,2.372126540659E-1
3.263135788360E2,2.387301163545E-1
3.266434074160E2,2.402475786430E-1
3.269732359961E2,2.417650409316E-1
3.273030645762E2,2.432825032201E-1
3.276328931563E2,2.447999655087E-1
3.279627217363E2,2.463174277972E-1
3.282925503164E2,2.478348900858E-1
3.286278760395E2,2.490996974580E-1
3.291354455766E2,2.509969278696E-1
3.294826817762E2,2.522807364212E-1
3.299829217893E2,2.540958154717E-1
3.302715217969E2,2.554235949742E-1
3.306013503769E2,2.569410572628E-1
3.309311789570E2,2.584585195513E-1
3.312610075371E2,2.599759818399E-1
3.315908361172E2,2.614934441284E-1
3.319206646972E2,2.630109064170E-1
3.322504932773E2,2.645283687055E-1
3.326902647174E2,2.671580792941E-1
3.333884018786E2,2.714868785192E-1
3.339408647502E2,2.751479920149E-1
3.343394076178E2,2.777775284227E-1
3.349990647779E2,2.823285218428E-1
3.355487790780E2,2.857672669628E-1
3.359885505181E2,2.883969775514E-1
3.366482076783E2,2.929479709714E-1
3.373078648384E2,2.974989643915E-1
3.378575791386E2,3.009377095115E-1
3.382973505787E2,3.035674201000E-1
3.389570077388E2,3.081184135201E-1
3.396166648990E2,3.126694069401E-1
3.403148020601E2,3.169982061652E-1
3.408672649317E2,3.206593196609E-1
3.412658077993E2,3.232888560688E-1
3.419254649595E2,3.278398494888E-1
3.425851221196E2,3.323908429088E-1
3.432447792798E2,3.369418363289E-1
3.439044364399E2,3.414928297489E-1
3.445640936001E2,3.460438231689E-1
3.452237507602E2,3.505948165890E-1
3.458834079204E2,3.551458100090E-1
3.465128307940E2,3.594060958350E-1
3.469306136621E2,3.631980329734E-1
3.475023165342E2,3.669906203865E-1
3.479200994023E2,3.707825575250E-1
3.485220365610E2,3.748658525321E-1
3.491816937211E2,3.794168459521E-1
3.498111165948E2,3.836771317781E-1
3.502288994629E2,3.874690689166E-1
3.508308366215E2,3.915523639237E-1
3.514904937816E2,3.961033573437E-1
3.521501509418E2,4.006543507638E-1
3.528098081019E2,4.052053441838E-1
3.534392309756E2,4.094656300098E-1
3.538570138437E2,4.132575671482E-1
3.544589510023E2,4.173408621554E-1
3.551186081625E2,4.218918555754E-1
3.557782653226E2,4.264428489955E-1
3.564379224828E2,4.309938424155E-1
3.570975796429E2,4.355448358355E-1
3.577572368031E2,4.400958292556E-1
3.584168939632E2,4.446468226756E-1
3.589666082633E2,4.480855677956E-1
3.594063797034E2,4.507152783842E-1
3.600660368636E2,4.552662718043E-1
3.606157511637E2,4.587050169243E-1
3.610555226038E2,4.613347275128E-1
3.616052369039E2,4.647734726329E-1
3.620450083440E2,4.674031832214E-1
3.625947226442E2,4.708419283415E-1
3.630344940843E2,4.734716389300E-1
3.635842083844E2,4.769103840500E-1
3.639140369644E2,4.784278463386E-1
3.643922884056E2,4.808353627322E-1
3.649447512772E2,4.844964762279E-1
3.652333512847E2,4.860137643358E-1
3.655631798648E2,4.875312266243E-1
3.658930084449E2,4.890486889129E-1
3.663712598860E2,4.914562053065E-1
3.669237227576E2,4.951173188022E-1
3.672123227652E2,4.966346069100E-1
3.675421513453E2,4.981520691986E-1
3.678719799253E2,4.996695314871E-1
3.682018085054E2,5.011869937757E-1
3.685316370855E2,5.027044560642E-1
3.688614656656E2,5.042219183528E-1
3.691912942456E2,5.057393806413E-1
3.696695456867E2,5.081468970350E-1
3.703456942759E2,5.118085330728E-1
3.706755228560E2,5.133259953613E-1
3.710823114381E2,5.151554191604E-1
3.713709114456E2,5.162536826853E-1
3.718711514587E2,5.180687617359E-1
3.721597514663E2,5.193965412383E-1
3.724895800464E2,5.209140035269E-1
3.727781800540E2,5.222417830294E-1
3.732932623532E2,5.238737331331E-1
3.739930486572E2,5.255317313805E-1
3.747599001059E2,5.272405485898E-1
3.756496519660E2,5.286556954743E-1
3.764475230073E2,5.298376293266E-1
3.769689662863E2,5.302495318542E-1
3.777668373276E2,5.309802547413E-1
3.780966659077E2,5.313606653977E-1
3.784264944877E2,5.315515674487E-1
3.787563230678E2,5.315529608943E-1
3.790861516479E2,5.315543543399E-1
3.794159802279E2,5.315557477856E-1
3.797458088080E2,5.315571412312E-1
3.800756373881E2,5.315585346768E-1
3.805222802569E2,5.314909351458E-1
3.812300374184E2,5.292893084721E-1
3.816148374284E2,5.271179021505E-1
3.817852488615E2,5.257794279528E-1
3.820775136310E2,5.233760090635E-1
3.822277688731E2,5.222311696185E-1
3.825081231661E2,5.203878036217E-1
3.828626888897E2,5.180217073994E-1
3.832227517563E2,5.148066358492E-1
3.835525803364E2,5.117758916089E-1
3.838824089165E2,5.087451473687E-1
3.842122374965E2,5.057144031285E-1
3.845832946491E2,5.021911106950E-1
3.848764756092E2,4.986717005559E-1
3.851726669095E2,4.957385765821E-1
3.855315518168E2,4.920753573246E-1
3.859026089694E2,4.885520648912E-1
3.861664718335E2,4.845760257164E-1
3.865210375571E2,4.814670557610E-1
3.868920947096E2,4.779437633275E-1
3.871559575737E2,4.739677241528E-1
3.875517518698E2,4.703662060042E-1
3.878588065717E2,4.662777270475E-1
3.881747614099E2,4.622999827819E-1
3.884627069957E2,4.594724073378E-1
3.886511804700E2,4.567659378015E-1
3.888243404746E2,4.544528595311E-1
3.892008947702E2,4.506642782742E-1
3.894839976347E2,4.468753022077E-1
3.898605519303E2,4.430867209509E-1
3.901436547949E2,4.392977448844E-1
3.905202090905E2,4.355091636275E-1
3.908033119550E2,4.317201875610E-1
3.911798662506E2,4.279316063041E-1
3.914629691152E2,4.241426302376E-1
3.917982948382E2,4.208465971740E-1
3.920731519883E2,4.182830752527E-1
3.921968377058E2,4.169570375572E-1
3.924029805684E2,4.158208568286E-1
3.927060105763E2,4.137470178280E-1
3.930626377285E2,4.112754371910E-1
3.934172034521E2,4.089093409687E-1
3.937222948887E2,4.061614917374E-1
3.938459806062E2,4.048354540420E-1
3.940521234688E2,4.036992733133E-1
3.943551534767E2,4.016254343127E-1
3.947117806289E2,3.991538536757E-1
3.950148106368E2,3.970800146752E-1
3.953714377891E2,3.946084340382E-1
3.956744677970E2,3.925345950376E-1
3.962743435270E2,3.895018332043E-1
3.970783006909E2,3.889303869584E-1
3.980884007174E2,3.876080941480E-1
3.985460378723E2,3.876100275538E-1
3.990572721714E2,3.874226787892E-1
4.000673721979E2,3.861003859789E-1
4.005250093527E2,3.861023193847E-1
4.010362436518E2,3.859149706200E-1
4.020463436783E2,3.845926778097E-1
4.025479579772E2,3.845947970083E-1
4.032076151373E2,3.861136527425E-1
4.034604837154E2,3.873275761251E-1
4.038232951535E2,3.891483915268E-1
4.042328323071E2,3.914873945213E-1
4.046313751746E2,3.950644739560E-1
4.049612037547E2,3.980980050875E-1
4.052910323348E2,4.011315362190E-1
4.056208609149E2,4.041650673505E-1
4.059506894949E2,4.073123036452E-1
4.061650780720E2,4.097768212546E-1
4.062860152180E2,4.113186688416E-1
4.066103466551E2,4.147817295878E-1
4.069346780922E2,4.183205937762E-1
4.072645066722E2,4.228701937506E-1
4.075998323953E2,4.269144606682E-1
4.079241638324E2,4.304533248565E-1
4.082539924125E2,4.350029248309E-1
4.085838209925E2,4.395525248053E-1
4.089191467156E2,4.435967917229E-1
4.092434781527E2,4.471356559112E-1
4.095733067328E2,4.516852558856E-1
4.099031353128E2,4.562348558601E-1
4.102329638929E2,4.607844558345E-1
4.105627924730E2,4.653340558089E-1
4.108926210531E2,4.698836557833E-1
4.112114553471E2,4.740415581918E-1
4.112444382051E2,4.765558450342E-1
4.115083010692E2,4.795385618484E-1
4.116072496432E2,4.813329946796E-1
4.119040953653E2,4.867264002987E-1
4.122009410873E2,4.907224958008E-1
4.122339239454E2,4.932367826433E-1
4.125307696674E2,4.967881646182E-1
4.125637525254E2,4.993024514606E-1
4.128605982475E2,5.028538334355E-1
4.128935811055E2,5.053681202779E-1
4.131904268276E2,5.089195022529E-1
4.132234096856E2,5.114337890953E-1
4.134872725496E2,5.144165059095E-1
4.135862211237E2,5.162109387407E-1
4.138830668457E2,5.216043443598E-1
4.141799125678E2,5.256004398620E-1
4.142128954258E2,5.281147267044E-1
4.145097411479E2,5.316661086793E-1
4.145839525784E2,5.348122650536E-1
4.148725525860E2,5.394564451500E-1
4.149137811585E2,5.423940027139E-1
4.152023811660E2,5.470381828103E-1
4.152023811660E2,5.491417283299E-1
4.152023811660E2,5.508599396852E-1
4.154992268881E2,5.544113216601E-1
4.155322097461E2,5.567234659901E-1
4.155734383186E2,5.590735468774E-1
4.158620383262E2,5.637177269737E-1
4.159032668987E2,5.666552845376E-1
4.161965787431E2,5.717057548934E-1
4.162926478613E2,5.733613229052E-1
4.167965526364E2,5.767914518864E-1
4.174562097965E2,5.813424453065E-1
4.181158669567E2,5.858934387265E-1
4.187755241168E2,5.904444321466E-1
4.194351812770E2,5.949954255666E-1
4.200948384371E2,5.995464189866E-1
4.207544955973E2,6.040974124067E-1
4.213042098974E2,6.075361575267E-1
4.216340384775E2,6.090536198152E-1
4.219638670576E2,6.105710821038E-1
4.222936956376E2,6.120885443923E-1
4.227719470787E2,6.144960607860E-1
4.234068670954E2,6.181575226431E-1
4.236542385304E2,6.196746365702E-1
4.239428385380E2,6.211919246781E-1
4.242726671181E2,6.227093869666E-1
4.246024956981E2,6.242268492552E-1
4.249323242782E2,6.257443115437E-1
4.254105757193E2,6.281518279373E-1
4.257097773598E2,6.300792213596E-1
4.260427471645E2,6.329250620005E-1
4.266611757521E2,6.371853013783E-1
4.270597186197E2,6.407623808130E-1
4.273895471998E2,6.437959119445E-1
4.277386157804E2,6.470443007797E-1
4.282718386515E2,6.508367256241E-1
4.287088615201E2,6.544139676275E-1
4.290386901002E2,6.574474987590E-1
4.293685186802E2,6.604810298905E-1
4.297175872608E2,6.637294187257E-1
4.302892901329E2,6.675220061388E-1
4.306713415715E2,6.712127210644E-1
4.307043244295E2,6.737270079068E-1
4.310011701516E2,6.772783898817E-1
4.310341530096E2,6.795905342118E-1
4.310341530096E2,6.813087455671E-1
4.313309987317E2,6.848601275420E-1
4.314052101622E2,6.880062839163E-1
4.316938101697E2,6.926504640127E-1
4.317350387423E2,6.955880215766E-1
4.320236387498E2,7.002322016730E-1
4.320236387498E2,7.025378897050E-1
4.323204844719E2,7.060892716799E-1
4.323946959024E2,7.092354280542E-1
4.326832959100E2,7.140627998025E-1
4.327162787680E2,7.156800792462E-1
4.328069816275E2,7.174997450552E-1
4.329237959163E2,7.201533590423E-1
4.330543530626E2,7.235650655111E-1
4.332398816388E2,7.262189697994E-1
4.334089187861E2,7.286959297171E-1
4.335834530764E2,7.322846966770E-1
4.337387473662E2,7.347615985344E-1
4.339132816565E2,7.383503654943E-1
4.342156245216E2,7.426922923043E-1
4.343736673829E2,7.463116719376E-1
4.345591959591E2,7.489655762259E-1
4.347034959629E2,7.523773407549E-1
4.348890245392E2,7.550312450432E-1
4.350580616865E2,7.575082049609E-1
4.352325959768E2,7.610969719208E-1
4.353878902666E2,7.635738737782E-1
4.355624245569E2,7.671626407381E-1
4.358647674219E2,7.715045675481E-1
4.360228102832E2,7.751239471813E-1
4.362083388595E2,7.777778514696E-1
4.363114102908E2,7.811894418180E-1
4.363526388633E2,7.827056848416E-1
4.365381674396E2,7.853595891299E-1
4.366412388709E2,7.887711794782E-1
4.366824674434E2,7.902874225019E-1
4.367649245884E2,7.918038397062E-1
4.368817388772E2,7.944574536933E-1
4.369710674509E2,7.978689859814E-1
4.370122960234E2,7.993852290051E-1
4.370947531685E2,8.009016462094E-1
4.372115674572E2,8.035552601965E-1
4.373008960310E2,8.069667924846E-1
4.373421246035E2,8.084830355083E-1
4.374245817485E2,8.099994527126E-1
4.375413960373E2,8.126530666997E-1
4.376719531836E2,8.160647731685E-1
4.377544103286E2,8.175811903729E-1
4.378712246174E2,8.202348043600E-1
4.380017817637E2,8.236465108288E-1
4.381873103400E2,8.263004151171E-1
4.385033960625E2,8.306423999873E-1
4.386614389238E2,8.342617796205E-1
4.388469675001E2,8.369156839088E-1
4.390160046474E2,8.393926438265E-1
4.391905389377E2,8.429814107864E-1
4.394928818028E2,8.473233375964E-1
4.396509246640E2,8.509427172296E-1
4.398364532403E2,8.535966215179E-1
4.401525389629E2,8.579386063881E-1
4.404754961142E2,8.623492043551E-1
4.409125189828E2,8.667101095628E-1
4.413000675644E2,8.693320191783E-1
4.415886675720E2,8.706597986808E-1
4.419184961521E2,8.721772609693E-1
4.422483247321E2,8.736947232579E-1
4.427911676035E2,8.756552722259E-1
4.431514267966E2,8.763697075584E-1
4.435331183032E2,8.766781435686E-1
4.438687385161E2,8.767553649246E-1
4.443647247876E2,8.761041068686E-1
4.446560733667E2,8.747661436010E-1
4.450518676628E2,8.729485331242E-1
4.453816962428E2,8.714338577269E-1
4.458214676829E2,8.688078629934E-1
4.463711819831E2,8.653737626921E-1
4.467807191367E2,8.630382200876E-1
4.471792620042E2,8.594645081465E-1
4.475035934413E2,8.559283844012E-1
4.478224277354E2,8.517731759876E-1
4.478554105934E2,8.490728177057E-1
4.481349795803E2,8.444775127147E-1
4.481714963160E2,8.429561836145E-1
4.484648081604E2,8.384146307886E-1
4.485013248960E2,8.368933016884E-1
4.487946367405E2,8.323517488625E-1
4.488311534761E2,8.308304197624E-1
4.491244653205E2,8.262888669364E-1
4.491609820562E2,8.247675378363E-1
4.494542939006E2,8.202259850104E-1
4.494908106363E2,8.187046559102E-1
4.497841224807E2,8.141631030843E-1
4.499003477899E2,8.117198355207E-1
4.501312277959E2,8.093330025050E-1
4.501642106539E2,8.068189943517E-1
4.504610563760E2,8.032701205789E-1
4.504940392340E2,8.007561124256E-1
4.507908849561E2,7.972072386528E-1
4.508238678141E2,7.945068803709E-1
4.510877306781E2,7.905251559380E-1
4.511536963941E2,7.869279296019E-1
4.514175592582E2,7.829462051690E-1
4.514835249742E2,7.793489788329E-1
4.517473878383E2,7.753672544000E-1
4.518133535543E2,7.717700280639E-1
4.520772164184E2,7.677883036310E-1
4.521431821344E2,7.643774274235E-1
4.524400278564E2,7.608285536507E-1
4.524730107144E2,7.585166880098E-1
4.524730107144E2,7.567984766545E-1
4.527698564365E2,7.532496028817E-1
4.528028392945E2,7.505492445998E-1
4.530667021586E2,7.465675201669E-1
4.531326678746E2,7.431566439594E-1
4.534295135967E2,7.396077701866E-1
4.534624964547E2,7.369074119047E-1
4.537263593187E2,7.329256874718E-1
4.537923250347E2,7.295148112643E-1
4.541001650428E2,7.255743328219E-1
4.544299936229E2,7.210275197388E-1
4.547598222030E2,7.164807066556E-1
4.550951479260E2,7.124392730775E-1
4.554139822201E2,7.090357821319E-1
4.555422488901E2,7.070254271594E-1
4.559362108052E2,7.047108752650E-1
4.562248108128E2,7.031960256870E-1
4.566164822516E2,7.005445599285E-1
4.572555251255E2,6.971361048328E-1
4.575441251331E2,6.956212552548E-1
4.579518462662E2,6.937536107489E-1
4.582385320901E2,6.934313036649E-1
4.586716938701E2,6.940979178235E-1
4.590970680309E2,6.961458062493E-1
4.593994108960E2,6.979031966509E-1
4.597292394761E2,6.994206589394E-1
4.600508223417E2,7.014560765799E-1
4.604301252087E2,7.041613351455E-1
4.607104795018E2,7.060070699999E-1
4.610897823689E2,7.087123285656E-1
4.613783823765E2,7.100401080681E-1
4.616999652420E2,7.120755257085E-1
4.620792681091E2,7.147807842742E-1
4.623678681167E2,7.161085637767E-1
4.626152395517E2,7.174361690984E-1
4.627389252693E2,7.187632518781E-1
4.629512524177E2,7.207824155559E-1
4.633067801413E2,7.242133916359E-1
4.635634967194E2,7.275166185285E-1
4.639407381579E2,7.313990777933E-1
4.642962658815E2,7.348300538733E-1
4.645529824597E2,7.381332807659E-1
4.649302238981E2,7.420157400306E-1
4.653198339083E2,7.455277171050E-1
4.657073824899E2,7.481496267205E-1
4.659959824975E2,7.492878976176E-1
4.665731825126E2,7.510906678984E-1
4.673152968178E2,7.538416779289E-1
4.677770568299E2,7.551828228974E-1
4.683840461247E2,7.554531057857E-1
4.687403656987E2,7.551369586299E-1
4.691057948239E2,7.530641352687E-1
4.693217540132E2,7.515886853658E-1
4.698989540284E2,7.476240770900E-1
4.705586111885E2,7.430786574524E-1
4.711880340622E2,7.388236899440E-1
4.715865769298E2,7.352499780028E-1
4.719109083668E2,7.317138542576E-1
4.722124659258E2,7.263258644971E-1
4.723286912349E2,7.238825969336E-1
4.725705655270E2,7.211041592483E-1
4.728721230859E2,7.157161694879E-1
4.729883483951E2,7.132729019243E-1
4.732302226871E2,7.104944642391E-1
4.735317802461E2,7.051064744787E-1
4.736480055552E2,7.026632069151E-1
4.738788855613E2,7.002763738994E-1
4.739118684193E2,6.975760156175E-1
4.741757312833E2,6.935942911846E-1
4.742416969994E2,6.903855574895E-1
4.742416969994E2,6.888694886466E-1
4.742416969994E2,6.873534198036E-1
4.742416969994E2,6.854488583197E-1
4.745055598634E2,6.814671338868E-1
4.745715255794E2,6.782584001917E-1
4.745715255794E2,6.767423313488E-1
4.745715255794E2,6.752262625058E-1
4.745806874844E2,6.733564829731E-1
4.746316505810E2,6.719259083092E-1
4.746842170110E2,6.705825143776E-1
4.747378141552E2,6.691626896630E-1
4.748601255870E2,6.661310687132E-1
4.749013541595E2,6.646151740510E-1
4.749013541595E2,6.630991052080E-1
4.749105160645E2,6.612293256753E-1
4.749614791611E2,6.597987510114E-1
4.750140455910E2,6.584553570798E-1
4.750676427353E2,6.570355323652E-1
4.751899541671E2,6.540039114154E-1
4.752311827396E2,6.524880167532E-1
4.752311827396E2,6.509719479103E-1
4.752403446446E2,6.491021683775E-1
4.752913077412E2,6.476715937137E-1
4.753438741711E2,6.463281997820E-1
4.753974713154E2,6.449083750674E-1
4.755197827471E2,6.418767541176E-1
4.755610113197E2,6.403608594554E-1
4.755610113197E2,6.388447906125E-1
4.755701732247E2,6.369750110797E-1
4.756211363212E2,6.355444364159E-1
4.756737027512E2,6.342010424842E-1
4.757272998954E2,6.327812177696E-1
4.758496113272E2,6.297495968198E-1
4.758908398997E2,6.282337021576E-1
4.758908398997E2,6.267176333147E-1
4.758908398997E2,6.252015644717E-1
4.759000018047E2,6.233317849389E-1
4.759509649013E2,6.219012102751E-1
4.760035313313E2,6.205578163435E-1
4.760571284755E2,6.191379916289E-1
4.761794399073E2,6.161063706791E-1
4.762206684798E2,6.145904760169E-1
4.762206684798E2,6.130744071739E-1
4.762298303848E2,6.112046276412E-1
4.762807934814E2,6.097740529773E-1
4.763333599113E2,6.084306590457E-1
4.763787113411E2,6.070107994949E-1
4.764268113423E2,6.039788650199E-1
4.765092684874E2,6.024631445384E-1
4.765504970599E2,6.009472498761E-1
4.765504970599E2,5.994311810332E-1
4.765504970599E2,5.979151121903E-1
4.765596589649E2,5.960453326575E-1
4.766106220615E2,5.946147579937E-1
4.766631884914E2,5.932713640620E-1
4.767085399212E2,5.918515045113E-1
4.767566399224E2,5.888195700362E-1
4.768390970674E2,5.873038495547E-1
4.768803256399E2,5.857879548925E-1
4.768803256399E2,5.842718860496E-1
4.768803256399E2,5.827558172066E-1
4.768894875450E2,5.808860376739E-1
4.769404506415E2,5.794554630100E-1
4.769930170715E2,5.781120690784E-1
4.770383685012E2,5.766922095276E-1
4.770864685025E2,5.736602750526E-1
4.771689256475E2,5.721445545711E-1
4.772101542200E2,5.706286599088E-1
4.772101542200E2,5.691125910659E-1
4.772101542200E2,5.675965222230E-1
4.772101542200E2,5.660804533801E-1
4.772193161250E2,5.642106738473E-1
4.772702792216E2,5.627800991835E-1
4.773228456515E2,5.614367052518E-1
4.773681970813E2,5.600168457010E-1
4.774162970826E2,5.569849112260E-1
4.774987542276E2,5.554691907445E-1
4.775399828001E2,5.539532960823E-1
4.775399828001E2,5.524372272393E-1
4.775399828001E2,5.509211583964E-1
4.775399828001E2,5.494050895535E-1
4.775491447051E2,5.475353100207E-1
4.776001078017E2,5.461047353569E-1
4.776526742316E2,5.447613414252E-1
4.776980256614E2,5.433414818745E-1
4.777461256626E2,5.403095473994E-1
4.778285828077E2,5.387938269179E-1
4.778698113802E2,5.372779322557E-1
4.778698113802E2,5.357618634128E-1
4.778698113802E2,5.342457945698E-1
4.778698113802E2,5.327297257269E-1
4.778789732852E2,5.308599461941E-1
4.779299363817E2,5.294293715303E-1
4.779825028117E2,5.280859775987E-1
4.780278542415E2,5.266661180479E-1
4.780759542427E2,5.236341835729E-1
4.781584113877E2,5.221184630913E-1
4.781996399602E2,5.206025684291E-1
4.781996399602E2,5.190864995862E-1
4.781996399602E2,5.175704307433E-1
4.781996399602E2,5.160543619003E-1
4.782088018652E2,5.141845823675E-1
4.782597649618E2,5.127540077037E-1
4.783123313918E2,5.114106137721E-1
4.783659285360E2,5.099907890575E-1
4.784882399678E2,5.069591681077E-1
4.785294685403E2,5.054432734455E-1
4.785294685403E2,5.039272046025E-1
4.785294685403E2,5.024111357596E-1
4.785294685403E2,5.008950669167E-1
4.785386304453E2,4.990252873839E-1
4.785895935419E2,4.975947127201E-1
4.786421599718E2,4.962513187884E-1
4.786957571161E2,4.948314940738E-1
4.788180685479E2,4.917998731240E-1
4.788592971204E2,4.902839784618E-1
4.788592971204E2,4.887679096189E-1
4.788592971204E2,4.872518407760E-1
4.788592971204E2,4.857357719330E-1
4.788684590254E2,4.838659924002E-1
4.789194221220E2,4.824354177364E-1
4.789719885519E2,4.810920238048E-1
4.790255856962E2,4.796721990902E-1
4.791478971280E2,4.766405781404E-1
4.791891257005E2,4.751246834782E-1
4.791891257005E2,4.736086146352E-1
4.791891257005E2,4.720925457923E-1
4.791982876055E2,4.702227662595E-1
4.792492507020E2,4.687921915957E-1
4.793018171320E2,4.674487976641E-1
4.793471685618E2,4.660289381133E-1
4.793952685630E2,4.629970036383E-1
4.794777257080E2,4.614812831567E-1
4.795189542805E2,4.599653884945E-1
4.795189542805E2,4.584493196516E-1
4.795281161855E2,4.565795401188E-1
4.795790792821E2,4.551489654550E-1
4.796316457121E2,4.538055715233E-1
4.796852428563E2,4.523857468087E-1
4.798075542881E2,4.493541258589E-1
4.798487828606E2,4.478382311967E-1
4.798487828606E2,4.463221623538E-1
4.798579447656E2,4.444523828210E-1
4.799089078622E2,4.430218081572E-1
4.799614742921E2,4.416784142255E-1
4.800150714364E2,4.402585895109E-1
4.801373828682E2,4.372269685611E-1
4.801786114407E2,4.357110738989E-1
4.801786114407E2,4.341950050560E-1
4.801786114407E2,4.322904435721E-1
4.804424743048E2,4.283087191391E-1
4.805084400208E2,4.250999854441E-1
4.805084400208E2,4.235839166011E-1
4.805084400208E2,4.220678477582E-1
4.805084400208E2,4.205517789153E-1
4.805084400208E2,4.190357100723E-1
4.805084400208E2,4.175196412294E-1
4.805084400208E2,4.160035723865E-1
4.805084400208E2,4.144875035436E-1
4.805084400208E2,4.129714347006E-1
4.805176019258E2,4.111016551678E-1
4.805685650223E2,4.096710805040E-1
4.806211314523E2,4.083276865724E-1
4.806664828821E2,4.069078270216E-1
4.806733543108E2,4.038757183659E-1
4.806733543108E2,4.023596495230E-1
4.807145828833E2,4.008437548607E-1
4.807970400283E2,3.993280343792E-1
4.808382686008E2,3.978121397170E-1
4.808382686008E2,3.962960708741E-1
4.808382686008E2,3.947800020311E-1
4.808382686008E2,3.932639331882E-1
4.808382686008E2,3.917478643453E-1
4.808382686008E2,3.902317955023E-1
4.808382686008E2,3.887157266594E-1
4.808382686008E2,3.871996578165E-1
4.808474305058E2,3.853298782837E-1
4.808983936024E2,3.838993036199E-1
4.809509600324E2,3.825559096882E-1
4.809963114621E2,3.811360501375E-1
4.810031828909E2,3.781039414817E-1
4.810444114634E2,3.765880468195E-1
4.811268686084E2,3.750723263380E-1
4.811680971809E2,3.735564316758E-1
4.811680971809E2,3.720403628328E-1
4.811680971809E2,3.705242939899E-1
4.811680971809E2,3.690082251470E-1
4.811680971809E2,3.674921563041E-1
4.811680971809E2,3.659760874611E-1
4.811772590859E2,3.641063079283E-1
4.812282221825E2,3.626757332645E-1
4.812807886124E2,3.613323393329E-1
4.813261400422E2,3.599124797821E-1
4.813330114710E2,3.568803711264E-1
4.813742400435E2,3.553644764642E-1
4.814566971885E2,3.538487559826E-1
4.814979257610E2,3.523328613204E-1
4.814979257610E2,3.508167924775E-1
4.814979257610E2,3.493007236346E-1
4.814979257610E2,3.477846547916E-1
4.814979257610E2,3.462685859487E-1
4.815070876660E2,3.443988064159E-1
4.815580507626E2,3.429682317521E-1
4.816106171925E2,3.416248378205E-1
4.816559686223E2,3.402049782697E-1
4.816628400510E2,3.371728696139E-1
4.817040686235E2,3.356569749517E-1
4.817865257686E2,3.341412544702E-1
4.818277543411E2,3.326253598080E-1
4.818277543411E2,3.311092909650E-1
4.818277543411E2,3.295932221221E-1
4.818277543411E2,3.280771532792E-1
4.818369162461E2,3.262073737464E-1
4.818878793426E2,3.247767990826E-1
4.819404457726E2,3.234334051509E-1
4.819857972024E2,3.220135456002E-1
4.819926686311E2,3.189814369444E-1
4.820338972036E2,3.174655422822E-1
4.821163543486E2,3.159498218007E-1
4.821575829211E2,3.144339271385E-1
4.821575829211E2,3.129178582955E-1
4.821575829211E2,3.114017894526E-1
4.821575829211E2,3.098857206097E-1
4.821667448261E2,3.080159410769E-1
4.822177079227E2,3.065853664131E-1
4.822702743527E2,3.052419724814E-1
4.823156257824E2,3.038221129307E-1
4.823637257837E2,3.007901784556E-1
4.824461829287E2,2.992744579741E-1
4.824874115012E2,2.977585633119E-1
4.824874115012E2,2.962424944690E-1
4.824874115012E2,2.947264256260E-1
4.824874115012E2,2.932103567831E-1
4.824965734062E2,2.913405772503E-1
4.825475365028E2,2.899100025865E-1
4.826001029327E2,2.885666086549E-1
4.826454543625E2,2.871467491041E-1
4.826935543638E2,2.841148146291E-1
4.827760115088E2,2.825990941475E-1
4.828172400813E2,2.810831994853E-1
4.828172400813E2,2.795671306424E-1
4.828172400813E2,2.780510617995E-1
4.828172400813E2,2.765349929565E-1
4.828264019863E2,2.746652134237E-1
4.828773650829E2,2.732346387599E-1
4.829299315128E2,2.718912448283E-1
4.829835286571E2,2.704714201137E-1
4.831058400889E2,2.674397991639E-1
4.831470686614E2,2.659239045017E-1
4.831470686614E2,2.644078356587E-1
4.831470686614E2,2.628917668158E-1
4.831470686614E2,2.613756979729E-1
4.831562305664E2,2.595059184401E-1
4.832071936629E2,2.580753437763E-1
4.832597600929E2,2.567319498446E-1
4.833051115226E2,2.553120902939E-1
4.833532115239E2,2.522801558188E-1
4.834356686689E2,2.507644353373E-1
4.834768972414E2,2.492485406751E-1
4.834768972414E2,2.477324718322E-1
4.834768972414E2,2.462164029892E-1
4.834768972414E2,2.447003341463E-1
4.834860591464E2,2.428305546135E-1
4.835370222430E2,2.413999799497E-1
4.835895886730E2,2.400565860181E-1
4.836431858172E2,2.386367613034E-1
4.837654972490E2,2.356051403537E-1
4.838067258215E2,2.340892456914E-1
4.838067258215E2,2.325731768485E-1
4.838067258215E2,2.310571080056E-1
4.838158877265E2,2.291873284728E-1
4.838668508231E2,2.277567538090E-1
4.839194172530E2,2.264133598773E-1
4.839647686828E2,2.249935003266E-1
4.840128686841E2,2.219615658515E-1
4.840953258291E2,2.204458453700E-1
4.841365544016E2,2.189299507078E-1
4.841365544016E2,2.174138818649E-1
4.841365544016E2,2.158978130219E-1
4.841365544016E2,2.143817441790E-1
4.841457163066E2,2.125119646462E-1
4.841966794032E2,2.110813899824E-1
4.842492458331E2,2.097379960508E-1
4.843028429774E2,2.083181713361E-1
4.844251544092E2,2.052865503864E-1
4.844663829817E2,2.037706557241E-1
4.844663829817E2,2.022545868812E-1
4.844663829817E2,2.005363755259E-1
4.847632287037E2,1.969875017531E-1
4.847962115617E2,1.946756361122E-1
4.847962115617E2,1.927710746283E-1
4.850600744258E2,1.887893501953E-1
4.851260401418E2,1.851921238593E-1
4.853899030059E2,1.812103994263E-1
4.854558687219E2,1.776131730902E-1
4.857197315859E2,1.736314486573E-1
4.857856973020E2,1.700342223212E-1
4.860495601660E2,1.660524978883E-1
4.861155258820E2,1.624552715522E-1
4.863793887461E2,1.584735471193E-1
4.864453544621E2,1.548763207832E-1
4.867092173262E2,1.508945963503E-1
4.867751830422E2,1.472973700142E-1
4.870390459062E2,1.433156455813E-1
4.871050116223E2,1.401069118862E-1
4.871050116223E2,1.382023504023E-1
4.873688744863E2,1.342206259693E-1
4.874348402023E2,1.306233996333E-1
4.876987030664E2,1.266416752003E-1
4.877646687824E2,1.230444488642E-1
4.880285316465E2,1.190627244313E-1
4.880944973625E2,1.158539907362E-1
4.880944973625E2,1.141357793809E-1
4.883913430845E2,1.105869056081E-1
4.884243259426E2,1.082750399672E-1
4.884243259426E2,1.063704784833E-1
4.886881888066E2,1.023887540504E-1
4.887541545226E2,9.879152771428E-2
4.890180173867E2,9.480980328134E-2
4.890839831027E2,9.121257694527E-2
4.893635520896E2,8.661727195427E-2
4.894151859685E2,8.510412851773E-2
4.899882631264E2,8.092923851408E-2
4.904060459945E2,7.714083143789E-2
4.910079831531E2,7.306262250728E-2
4.916374060268E2,6.880765499880E-2
4.920551888949E2,6.501924792261E-2
4.926268917670E2,6.123149112104E-2
4.930446746351E2,5.744308404485E-2
4.936466117937E2,5.336487511424E-2
4.943062689539E2,4.881945547671E-2
4.945261546739E2,4.711661183603E-2
4.947533699180E2,4.563759979953E-2
4.951858118341E2,4.387067977816E-2
4.956283318457E2,4.239438219585E-2
4.962165261468E2,4.065338800452E-2
4.966178175859E2,3.936642484688E-2
4.972060118870E2,3.762543065555E-2
4.976073033261E2,3.633846749791E-2
4.981954976273E2,3.459747330658E-2
4.985967890664E2,3.331051014893E-2
4.991849833675E2,3.156951595760E-2
4.995862748066E2,3.028255279996E-2
5.001744691077E2,2.854155860863E-2
5.005757605468E2,2.725459545099E-2
5.011639548479E2,2.551360125966E-2
5.016092234310E2,2.426472561584E-2
5.023144283475E2,2.321277369876E-2
5.031016977559E2,2.248965006687E-2
5.036788977710E2,2.163929987257E-2
5.044210120762E2,2.097915500645E-2
5.049982120913E2,2.012880481215E-2
5.057403263965E2,1.946865994603E-2
5.060701549765E2,1.909103618093E-2
5.066473549917E2,1.855653366224E-2
5.071860750058E2,1.784499387655E-2
5.079666693120E2,1.704603860182E-2
5.087087836171E2,1.644906327083E-2
5.092859836323E2,1.559871307653E-2
5.100280979374E2,1.512807681577E-2
5.103579265175E2,1.512947026140E-2
5.106877550976E2,1.513086370703E-2
5.110175836777E2,1.513225715266E-2
5.113474122577E2,1.513365059829E-2
5.116772408378E2,1.513504404391E-2
5.120070694179E2,1.513643748954E-2
5.123368979980E2,1.513783093517E-2
5.126667265780E2,1.513922438080E-2
5.129965551581E2,1.514061782642E-2
5.133263837382E2,1.514201127205E-2
5.136562123183E2,1.514340471768E-2
5.139860408983E2,1.514479816331E-2
5.143158694784E2,1.514619160893E-2
5.146456980585E2,1.514758505456E-2
5.149755266385E2,1.514897850019E-2
5.153053552186E2,1.515037194582E-2
5.156351837987E2,1.515176539145E-2
5.159650123788E2,1.515315883707E-2
5.162948409588E2,1.515455228270E-2
5.166246695389E2,1.515594572833E-2
5.169544981190E2,1.515733917396E-2
5.172843266991E2,1.496922401422E-2
5.176141552791E2,1.459160024911E-2
5.179439838592E2,1.440348508938E-2
5.182738124393E2,1.440487853500E-2
5.186036410194E2,1.440627198063E-2
5.189334695994E2,1.440766542626E-2
5.192632981795E2,1.440905887189E-2
5.195931267596E2,1.441045231751E-2
5.199229553397E2,1.441184576314E-2
5.202527839197E2,1.441323920877E-2
5.205826124998E2,1.441463265440E-2
5.211598125149E2,1.406963874107E-2
5.219019268201E2,1.366217201544E-2
5.222317554002E2,1.366356546107E-2
5.225615839803E2,1.366495890670E-2
5.228914125603E2,1.366635235233E-2
5.232212411404E2,1.366774579795E-2
5.235510697205E2,1.366913924358E-2
5.238808983006E2,1.367053268921E-2
5.242107268806E2,1.367192613484E-2
5.245405554607E2,1.367331958047E-2
5.248703840408E2,1.367471302609E-2
5.252002126209E2,1.348659786635E-2
5.255300412009E2,1.310897410125E-2
5.258598697810E2,1.292085894151E-2
5.261896983611E2,1.292225238714E-2
5.265195269412E2,1.292364583277E-2
5.268493555212E2,1.292503927840E-2
5.271791841013E2,1.292643272402E-2
5.275090126814E2,1.292782616965E-2
5.278388412615E2,1.292921961528E-2
5.284160412766E2,1.258422570196E-2
5.291581555817E2,1.217675897633E-2
5.294879841618E2,1.217815242195E-2
5.298178127419E2,1.217954586758E-2
5.301476413220E2,1.218093931321E-2
5.304774699020E2,1.218233275884E-2
5.308072984821E2,1.218372620446E-2
5.311371270622E2,1.218511965009E-2
5.314669556423E2,1.218651309572E-2
5.317967842223E2,1.218790654135E-2
5.321266128024E2,1.218929998697E-2
5.324564413825E2,1.219069343260E-2
5.327862699626E2,1.219208687823E-2
5.331160985426E2,1.219348032386E-2
5.334459271227E2,1.200536516412E-2
5.337757557028E2,1.162774139901E-2
5.341055842829E2,1.143962623928E-2
5.344354128629E2,1.144101968490E-2
5.347652414430E2,1.144241313053E-2
5.350950700231E2,1.144380657616E-2
5.354248986032E2,1.144520002179E-2
5.357547271832E2,1.144659346742E-2
5.360845557633E2,1.144798691304E-2
5.364143843434E2,1.144938035867E-2
5.367442129235E2,1.145077380430E-2
5.370740415035E2,1.145216724993E-2
5.374038700836E2,1.145356069555E-2
5.377336986637E2,1.145495414118E-2
5.380635272438E2,1.145634758681E-2
5.383933558238E2,1.145774103244E-2
5.387231844039E2,1.145913447806E-2
5.390530129840E2,1.146052792369E-2
5.393828415641E2,1.146192136932E-2
5.397126701441E2,1.146331481495E-2
5.400424987242E2,1.146470826058E-2
5.403723273043E2,1.146610170620E-2
5.407021558844E2,1.146749515183E-2
5.410319844644E2,1.146888859746E-2
5.413618130445E2,1.147028204309E-2
5.416916416246E2,1.147167548871E-2
5.420214702047E2,1.147306893434E-2
5.423512987847E2,1.166397098533E-2
5.426811273648E2,1.204438164169E-2
5.430109559449E2,1.223528369269E-2
5.433407845250E2,1.223667713832E-2
5.436706131050E2,1.223807058394E-2
5.440004416851E2,1.223946402957E-2
5.443302702652E2,1.224085747520E-2
5.446600988452E2,1.224225092083E-2
5.449899274253E2,1.224364436645E-2
5.453197560054E2,1.224503781208E-2
5.456495845855E2,1.224643125771E-2
5.459794131655E2,1.224782470334E-2
5.463092417456E2,1.224921814897E-2
5.466390703257E2,1.225061159459E-2
5.469688989058E2,1.225200504022E-2
5.472987274858E2,1.206388988048E-2
5.476285560659E2,1.168626611538E-2
5.479583846460E2,1.149815095564E-2
5.482882132261E2,1.149954440127E-2
5.486180418061E2,1.150093784690E-2
5.489478703862E2,1.150233129252E-2
5.492776989663E2,1.150372473815E-2
5.496075275464E2,1.150511818378E-2
5.499373561264E2,1.150651162941E-2
5.505145561416E2,1.116151771608E-2
5.512566704467E2,1.075405099045E-2
5.515864990268E2,1.075544443608E-2
5.519163276069E2,1.075683788171E-2
5.522461561870E2,1.075823132734E-2
5.525759847670E2,1.075962477296E-2
5.529058133471E2,1.076101821859E-2
5.532356419272E2,1.076241166422E-2
5.535654705073E2,1.076380510985E-2
5.538952990873E2,1.076519855547E-2
5.542251276674E2,1.076659200110E-2
5.545549562475E2,1.076798544673E-2
5.548847848276E2,1.076937889236E-2
5.552146134076E2,1.077077233799E-2
5.555444419877E2,1.077216578361E-2
5.558742705678E2,1.077355922924E-2
5.562040991479E2,1.077495267487E-2
5.565339277279E2,1.077634612050E-2
5.568637563080E2,1.077773956612E-2
5.572668801281E2,1.048465150243E-2
5.600183823529E2,9.971669276075E-3
5.647058823529E2,8.724045701931E-3
5.699448529412E2,8.746179079997E-3
5.749080882353E2,8.767147543428E-3
5.820772058824E2,8.797435323939E-3
5.881433823529E2,8.823063445911E-3
5.964154411765E2,1.139286513084E-2
6.030330882353E2,8.885968836204E-3
6.079963235294E2,8.906937299635E-3
6.140625000000E2,1.019999254455E-2
6.212316176471E2,1.023028032506E-2
6.306066176471E2,1.026988742265E-2
6.377757352941E2,1.156760232610E-2
6.432904411765E2,1.032347349586E-2
